,Year,State_x,Area planted,Area harvested for grain,Yield,Production,GM corn area,Agri GDP,Normalised Agri GDP,All crops planted acreage,Agri exports ,Corn exports,ST,OCC_TITLE,TOT_EMP,H_MEAN,A_MEAN,H_MEDIAN,A_MEDIAN,JOBS_1000,Population,N_TOT_EMP_1000,Acres operated in agriculture,N_GM_corn_area ,N_agri_exports,N_corn_exports
0,2005,Illinois,12100000,11950000,143,1708850000,4356000,3923000000,145.3,23111000,3694000000,917000000,IL,"Farm, ranch, and other agricultural managers",160.97,24.0,49960.0,26.0,53770.0,,12609903,0.01277,27000000,0.16133,136.81481,33.96296
1,2005,Illinois,12100000,11950000,143,1708850000,4356000,3923000000,145.3,23111000,3694000000,917000000,IL,"Agricultural workers, all other",250.0,13.0,27860.0,12.0,24710.0,,12609903,0.01983,27000000,0.16133,136.81481,33.96296
2,2005,Indiana,5900000,5770000,154,888580000,1534000,3334000000,223.76,12330000,1902000000,384000000,IN,"Farm, ranch, and other agricultural managers",50.0,22.94,47621.54,20.97,43580.95,,6278616,0.00796,14900000,0.10295,127.65101,25.77181
3,2005,Indiana,5900000,5770000,154,888580000,1534000,3334000000,223.76,12330000,1902000000,384000000,IN,"Agricultural workers, all other",160.97,18.0,37360.0,17.0,35310.0,,6278616,0.02564,14900000,0.10295,127.65101,25.77181
4,2005,Iowa,12800000,12500000,173,2162500000,7680000,7813000000,250.42,24680000,4402000000,920000000,IA,"Farm, ranch, and other agricultural managers",240.0,29.0,61200.0,25.0,51460.0,,2964454,0.08096,31200000,0.24615,141.08974,29.48718
5,2005,Iowa,12800000,12500000,173,2162500000,7680000,7813000000,250.42,24680000,4402000000,920000000,IA,"Agricultural workers, all other",310.0,22.94,47621.54,20.97,43580.95,,2964454,0.10457,31200000,0.24615,141.08974,29.48718
6,2005,Kansas,3650000,3450000,135,465750000,2299000,5063000000,107.36,22711000,2205000000,194000000,KS,"Farm, ranch, and other agricultural managers",80.0,27.0,55910.0,29.0,60160.0,,2745299,0.02914,47160000,0.04875,46.75573,4.11366
7,2005,Kansas,3650000,3450000,135,465750000,2299000,5063000000,107.36,22711000,2205000000,194000000,KS,"Agricultural workers, all other",60.0,10.0,20920.0,8.0,17460.0,,2745299,0.02186,47160000,0.04875,46.75573,4.11366
8,2005,Michigan,2250000,2010000,143,287430000,900000,3481000000,344.65,6537000,1148000000,96000000,MI,"Agricultural workers, all other",290.0,12.0,24840.0,10.0,21220.0,,10051137,0.02885,10100000,0.08911,113.66337,9.50495
9,2005,Minnesota,7300000,6850000,174,1191900000,4818000,6597000000,242.54,19379000,2721000000,383000000,MN,"Agricultural workers, all other",330.0,11.0,22500.0,10.0,20940.0,,5119598,0.06446,27200000,0.17713,100.03676,14.08088
10,2005,Missouri,3100000,2970000,111,329670000,1705000,3948000000,133.83,13444000,1696000000,170000000,MO,"Farm, ranch, and other agricultural managers",50.0,30.0,62360.0,26.0,54610.0,,5790300,0.00864,29500000,0.0578,57.49153,5.76271
11,2005,Nebraska,8500000,8250000,154,1270500000,5865000,6412000000,140.31,18867000,2492000000,535000000,NE,"Farm, ranch, and other agricultural managers",160.97,21.0,43030.0,20.0,41230.0,,1761497,0.09138,45700000,0.12834,54.52954,11.70678
12,2005,Nebraska,8500000,8250000,154,1270500000,5865000,6412000000,140.31,18867000,2492000000,535000000,NE,"Agricultural workers, all other",150.0,8.0,17480.0,8.0,17050.0,,1761497,0.08515,45700000,0.12834,54.52954,11.70678
13,2005,North Dakota,1410000,1200000,129,154800000,1057000,2300000000,58.38,21317000,1650000000,49000000,ND,"Agricultural workers, all other",160.97,10.0,20710.0,10.0,20730.0,,646089,0.24915,39400000,0.02683,41.87817,1.24365
14,2005,Ohio,3450000,3250000,143,464750000,621000,3570000000,251.41,10103000,1659000000,195000000,OH,"Farm, ranch, and other agricultural managers",30.0,28.0,57290.0,22.0,45550.0,,11463320,0.00262,14200000,0.04373,116.83099,13.73239
15,2005,Ohio,3450000,3250000,143,464750000,621000,3570000000,251.41,10103000,1659000000,195000000,OH,"Agricultural workers, all other",60.0,13.0,26600.0,12.0,24650.0,,11463320,0.00523,14200000,0.04373,116.83099,13.73239
16,2005,Texas,2050000,1850000,114,210900000,1476000,12684000000,97.72,22265000,3649000000,94000000,TX,"Farm, ranch, and other agricultural managers",210.0,20.0,41250.0,20.0,41300.0,,22778123,0.00922,129800000,0.01137,28.11248,0.72419
17,2005,Texas,2050000,1850000,114,210900000,1476000,12684000000,97.72,22265000,3649000000,94000000,TX,"Agricultural workers, all other",120.0,8.0,16090.0,7.0,15520.0,,22778123,0.00527,129800000,0.01137,28.11248,0.72419
18,2005,Wisconsin,3800000,2900000,148,429200000,1748000,5300000000,344.16,8197000,1171000000,145000000,WI,"Farm, ranch, and other agricultural managers",30.0,28.0,57190.0,28.0,59160.0,,5546166,0.00541,15400000,0.11351,76.03896,9.41558
19,2005,Wisconsin,3800000,2900000,148,429200000,1748000,5300000000,344.16,8197000,1171000000,145000000,WI,"Agricultural workers, all other",230.0,11.0,22290.0,10.0,20350.0,,5546166,0.04147,15400000,0.11351,76.03896,9.41558
20,2006,Illinois,11300000,11150000,163,1817450000,6215000,5885000000,218.77,23202000,4085000000,1188000000,IL,"Farm, ranch, and other agricultural managers",160.97,18.0,37070.0,21.0,42920.0,,12643955,0.01273,26900000,0.23104,151.85874,44.16357
21,2006,Illinois,11300000,11150000,163,1817450000,6215000,5885000000,218.77,23202000,4085000000,1188000000,IL,"Agricultural workers, all other",120.0,18.0,36650.0,15.0,31230.0,,12643955,0.00949,26900000,0.23104,151.85874,44.16357
22,2006,Indiana,5500000,5380000,157,844660000,2200000,3949000000,265.03,12325000,2397000000,563000000,IN,"Farm, ranch, and other agricultural managers",40.0,22.0,46420.0,21.0,43960.0,,6332669,0.00632,14900000,0.14765,160.87248,37.78523
23,2006,Iowa,12600000,12350000,166,2050100000,8064000,8183000000,264.82,24455000,5266000000,1345000000,IA,"Farm, ranch, and other agricultural managers",110.0,25.0,52090.0,24.0,49070.0,,2982644,0.03688,30900000,0.26097,170.42071,43.52751
24,2006,Iowa,12600000,12350000,166,2050100000,8064000,8183000000,264.82,24455000,5266000000,1345000000,IA,"Agricultural workers, all other",430.0,14.0,29810.0,10.0,21760.0,,2982644,0.14417,30900000,0.26097,170.42071,43.52751
25,2006,Kansas,3350000,3000000,115,345000000,2278000,4284000000,90.28,22506000,2330000000,278000000,KS,"Farm, ranch, and other agricultural managers",70.0,28.0,57540.0,28.0,57780.0,,2762931,0.02534,47450000,0.04801,49.10432,5.8588
26,2006,Kansas,3350000,3000000,115,345000000,2278000,4284000000,90.28,22506000,2330000000,278000000,KS,"Agricultural workers, all other",50.0,11.0,23160.0,9.0,19480.0,,2762931,0.0181,47450000,0.04801,49.10432,5.8588
27,2006,Michigan,2200000,1960000,147,288120000,968000,4161000000,411.98,6499000,1433000000,176000000,MI,"Agricultural workers, all other",220.0,14.0,30010.0,11.0,22270.0,,10036081,0.02192,10100000,0.09584,141.88119,17.42574
28,2006,Minnesota,7300000,6850000,161,1102850000,5329000,7448000000,275.85,19684000,3512000000,681000000,MN,"Agricultural workers, all other",240.0,10.0,19770.0,9.0,18700.0,,5163555,0.04648,27000000,0.19737,130.07407,25.22222
29,2006,Missouri,2700000,2630000,138,362940000,1593000,4444000000,151.67,13855000,1859000000,222000000,MO,"Farm, ranch, and other agricultural managers",50.0,35.0,71850.0,27.0,56320.0,,5842704,0.00856,29300000,0.05437,63.4471,7.57679
30,2006,Missouri,2700000,2630000,138,362940000,1593000,4444000000,151.67,13855000,1859000000,222000000,MO,"Agricultural workers, all other",160.97,11.0,22360.0,10.0,21260.0,,5842704,0.02755,29300000,0.05437,63.4471,7.57679
31,2006,Nebraska,8100000,7750000,152,1178000000,6156000,5550000000,121.44,18639000,3077000000,759000000,NE,"Farm, ranch, and other agricultural managers",160.97,25.0,52670.0,21.0,43560.0,,1772693,0.09081,45700000,0.1347,67.33042,16.60832
32,2006,Nebraska,8100000,7750000,152,1178000000,6156000,5550000000,121.44,18639000,3077000000,759000000,NE,"Agricultural workers, all other",70.0,13.0,26660.0,11.0,22920.0,,1772693,0.03949,45700000,0.1347,67.33042,16.60832
33,2006,North Dakota,1690000,1400000,111,155400000,1402000,2582000000,65.53,21501000,1912000000,94000000,ND,"Agricultural workers, all other",70.0,11.0,23280.0,11.0,22100.0,,649422,0.10779,39400000,0.03558,48.52792,2.38579
34,2006,Ohio,3150000,2960000,159,470640000,819000,3947000000,279.93,10082000,1940000000,335000000,OH,"Farm, ranch, and other agricultural managers",40.0,28.0,57460.0,24.0,49640.0,,11481213,0.00348,14100000,0.05809,137.58865,23.75887
35,2006,Ohio,3150000,2960000,159,470640000,819000,3947000000,279.93,10082000,1940000000,335000000,OH,"Agricultural workers, all other",160.97,10.0,21340.0,7.0,15060.0,,11481213,0.01402,14100000,0.05809,137.58865,23.75887
36,2006,South Dakota,4500000,3220000,97,312340000,3870000,2399000000,54.9,16222000,1441000000,223000000,SD,"Farm, ranch, and other agricultural managers",160.97,21.0,43850.0,18.0,37890.0,,783033,0.20557,43700000,0.08856,32.97483,5.10297
37,2006,Texas,1760000,1450000,121,175450000,1355000,11681000000,90.06,22315000,4130000000,163000000,TX,"Farm, ranch, and other agricultural managers",150.0,21.0,42850.0,20.0,41520.0,,23359580,0.00642,129700000,0.01045,31.84271,1.25675
38,2006,Texas,1760000,1450000,121,175450000,1355000,11681000000,90.06,22315000,4130000000,163000000,TX,"Agricultural workers, all other",160.97,9.0,17890.0,7.0,13930.0,,23359580,0.00689,129700000,0.01045,31.84271,1.25675
39,2006,Wisconsin,3650000,2800000,143,400400000,1825000,5501000000,359.54,8143000,1515000000,282000000,WI,"Farm, ranch, and other agricultural managers",30.0,29.0,59340.0,29.0,61120.0,,5577655,0.00538,15300000,0.11928,99.01961,18.43137
40,2006,Wisconsin,3650000,2800000,143,400400000,1825000,5501000000,359.54,8143000,1515000000,282000000,WI,"Agricultural workers, all other",120.0,13.0,26130.0,13.0,26090.0,,5577655,0.02151,15300000,0.11928,99.01961,18.43137
41,2007,Illinois,13200000,13050000,175,2283750000,9768000,6170000000,230.22,23301000,5847000000,1762000000,IL,"Farm, ranch, and other agricultural managers",160.97,21.0,43190.0,24.0,49530.0,,12695866,0.01268,26800000,0.36448,218.17164,65.74627
42,2007,Illinois,13200000,13050000,175,2283750000,9768000,6170000000,230.22,23301000,5847000000,1762000000,IL,"Agricultural workers, all other",70.0,19.0,38760.0,17.0,35650.0,,12695866,0.00551,26800000,0.36448,218.17164,65.74627
43,2007,Indiana,6500000,6370000,155,987350000,3835000,3848000000,260.0,12355000,3245000000,818000000,IN,"Farm, ranch, and other agricultural managers",80.0,26.0,54250.0,25.0,51030.0,,6379599,0.01254,14800000,0.25912,219.25676,55.27027
44,2007,Indiana,6500000,6370000,155,987350000,3835000,3848000000,260.0,12355000,3245000000,818000000,IN,"Agricultural workers, all other",40.0,14.0,29530.0,9.0,19100.0,,6379599,0.00627,14800000,0.25912,219.25676,55.27027
45,2007,Iowa,14200000,13850000,171,2368350000,11076000,8083000000,262.44,24410000,6830000000,1763000000,IA,"Farm, ranch, and other agricultural managers",70.0,23.0,47200.0,19.0,40310.0,,2999212,0.02334,30800000,0.35961,221.75325,57.24026
46,2007,Iowa,14200000,13850000,171,2368350000,11076000,8083000000,262.44,24410000,6830000000,1763000000,IA,"Agricultural workers, all other",810.0,14.0,29470.0,12.0,24360.0,,2999212,0.27007,30800000,0.35961,221.75325,57.24026
47,2007,Kansas,3900000,3700000,140,518000000,3198000,4163000000,89.91,22991000,3394000000,379000000,KS,"Farm, ranch, and other agricultural managers",40.0,28.0,57440.0,25.0,52420.0,,2783785,0.01437,46300000,0.06907,73.30454,8.18575
48,2007,Kansas,3900000,3700000,140,518000000,3198000,4163000000,89.91,22991000,3394000000,379000000,KS,"Agricultural workers, all other",60.0,11.0,23500.0,10.0,19800.0,,2783785,0.02155,46300000,0.06907,73.30454,8.18575
49,2007,Michigan,2650000,2350000,124,291400000,1590000,3307000000,330.7,6527000,1827000000,230000000,MI,"Farm, ranch, and other agricultural managers",70.0,26.0,54870.0,26.0,53570.0,,10001284,0.007,10000000,0.159,182.7,23.0
50,2007,Michigan,2650000,2350000,124,291400000,1590000,3307000000,330.7,6527000,1827000000,230000000,MI,"Agricultural workers, all other",80.0,20.0,40830.0,21.0,42760.0,,10001284,0.008,10000000,0.159,182.7,23.0
51,2007,Minnesota,8400000,7800000,146,1138800000,7224000,5910000000,219.7,19565000,4454000000,878000000,MN,"Agricultural workers, all other",360.0,11.0,22990.0,10.0,21320.0,,5207203,0.06914,26900000,0.26855,165.57621,32.63941
52,2007,Missouri,3450000,3250000,142,461500000,2139000,3615000000,124.66,13953000,2588000000,349000000,MO,"Farm, ranch, and other agricultural managers",40.0,36.0,74530.0,27.0,55770.0,,5887612,0.00679,29000000,0.07376,89.24138,12.03448
53,2007,Missouri,3450000,3250000,142,461500000,2139000,3615000000,124.66,13953000,2588000000,349000000,MO,"Agricultural workers, all other",160.97,11.0,23120.0,11.0,22570.0,,5887612,0.02734,29000000,0.07376,89.24138,12.03448
54,2007,Nebraska,9400000,9200000,160,1472000000,7426000,6071000000,133.14,18813000,4181000000,1094000000,NE,"Farm, ranch, and other agricultural managers",160.97,27.0,55530.0,22.0,45550.0,,1783440,0.09026,45600000,0.16285,91.6886,23.99123
55,2007,Nebraska,9400000,9200000,160,1472000000,7426000,6071000000,133.14,18813000,4181000000,1094000000,NE,"Agricultural workers, all other",160.97,14.0,29200.0,12.0,24840.0,,1783440,0.09026,45600000,0.16285,91.6886,23.99123
56,2007,North Dakota,2550000,2350000,116,272600000,2244000,3104000000,78.38,22059000,3063000000,145000000,ND,"Agricultural workers, all other",140.0,11.0,23700.0,11.0,23160.0,,652822,0.21445,39600000,0.05667,77.34848,3.66162
57,2007,Ohio,3850000,3610000,150,541500000,1578000,3403000000,243.07,10166000,2441000000,395000000,OH,"Farm, ranch, and other agricultural managers",40.0,27.0,55970.0,25.0,51860.0,,11500468,0.00348,14000000,0.11271,174.35714,28.21429
58,2007,Ohio,3850000,3610000,150,541500000,1578000,3403000000,243.07,10166000,2441000000,395000000,OH,"Agricultural workers, all other",80.0,9.0,19730.0,8.0,15920.0,,11500468,0.00696,14000000,0.11271,174.35714,28.21429
59,2007,South Dakota,5000000,4500000,121,544500000,4650000,3283000000,75.13,16637000,2190000000,326000000,SD,"Farm, ranch, and other agricultural managers",160.97,22.0,45110.0,19.0,39320.0,,791623,0.20334,43700000,0.10641,50.11442,7.45995
60,2007,Texas,2150000,2000000,148,296000000,1698000,10025000000,76.88,22629000,4927000000,211000000,TX,"Farm, ranch, and other agricultural managers",120.0,24.0,50100.0,23.0,48020.0,,23831983,0.00504,130400000,0.01302,37.78374,1.6181
61,2007,Texas,2150000,2000000,148,296000000,1698000,10025000000,76.88,22629000,4927000000,211000000,TX,"Agricultural workers, all other",100.0,12.0,24670.0,10.0,21070.0,,23831983,0.0042,130400000,0.01302,37.78374,1.6181
62,2007,Wisconsin,4050000,3280000,135,442800000,2592000,5345000000,351.64,8100000,1818000000,287000000,WI,"Farm, ranch, and other agricultural managers",90.0,27.0,56800.0,29.0,60550.0,,5610775,0.01604,15200000,0.17053,119.60526,18.88158
63,2007,Wisconsin,4050000,3280000,135,442800000,2592000,5345000000,351.64,8100000,1818000000,287000000,WI,"Agricultural workers, all other",160.97,11.0,22420.0,10.0,20240.0,,5610775,0.02869,15200000,0.17053,119.60526,18.88158
64,2008,Illinois,12100000,11900000,179,2130100000,9680000,8214000000,307.64,23251000,7615000000,2361000000,IL,"Farm, ranch, and other agricultural managers",110.0,20.0,42380.0,15.0,30380.0,,12747038,0.00863,26700000,0.36255,285.20599,88.42697
65,2008,Illinois,12100000,11900000,179,2130100000,9680000,8214000000,307.64,23251000,7615000000,2361000000,IL,"Agricultural workers, all other",150.0,21.0,43960.0,21.0,44690.0,,12747038,0.01177,26700000,0.36255,285.20599,88.42697
66,2008,Indiana,5700000,5460000,160,873600000,4446000,4938000000,333.87,12345000,4386000000,1083000000,IN,"Farm, ranch, and other agricultural managers",50.0,29.0,59360.0,26.0,53430.0,,6424806,0.00778,14790000,0.30061,296.55172,73.22515
67,2008,Iowa,13300000,12800000,171,2188800000,11172000,9617000000,313.26,24790000,9842000000,2544000000,IA,"Farm, ranch, and other agricultural managers",100.0,29.0,59840.0,27.0,55310.0,,3016734,0.03315,30700000,0.36391,320.58632,82.86645
68,2008,Iowa,13300000,12800000,171,2188800000,11172000,9617000000,313.26,24790000,9842000000,2544000000,IA,"Agricultural workers, all other",990.0,11.0,22710.0,10.0,21730.0,,3016734,0.32817,30700000,0.36391,320.58632,82.86645
69,2008,Kansas,3850000,3630000,134,486420000,3465000,4866000000,105.32,22964000,4149000000,474000000,KS,"Farm, ranch, and other agricultural managers",70.0,33.0,67620.0,34.0,70590.0,,2808076,0.02493,46200000,0.075,89.80519,10.25974
70,2008,Kansas,3850000,3630000,134,486420000,3465000,4866000000,105.32,22964000,4149000000,474000000,KS,"Agricultural workers, all other",160.97,10.0,19980.0,9.0,19630.0,,2808076,0.05732,46200000,0.075,89.80519,10.25974
71,2008,Michigan,2400000,2140000,138,295320000,1728000,3426000000,343.63,6517000,2317000000,316000000,MI,"Agricultural workers, all other",160.97,17.0,35380.0,15.0,31530.0,,9946889,0.01618,9970000,0.17332,232.39719,31.69509
72,2008,Minnesota,7700000,7200000,164,1180800000,6776000,7978000000,299.92,19778000,6666000000,1272000000,MN,"Agricultural workers, all other",490.0,11.0,23030.0,10.0,21250.0,,5247018,0.09339,26600000,0.25474,250.6015,47.81955
73,2008,Missouri,2800000,2650000,144,381600000,1959000,4502000000,155.24,14100000,3560000000,465000000,MO,"Farm, ranch, and other agricultural managers",160.97,27.0,55790.0,19.0,38600.0,,5923916,0.02717,29000000,0.06755,122.75862,16.03448
74,2008,Nebraska,8800000,8550000,163,1393650000,7568000,6677000000,146.75,18789000,5466000000,1465000000,NE,"Farm, ranch, and other agricultural managers",100.0,31.0,65140.0,25.0,52490.0,,1796378,0.05567,45500000,0.16633,120.13187,32.1978
75,2008,Nebraska,8800000,8550000,163,1393650000,7568000,6677000000,146.75,18789000,5466000000,1465000000,NE,"Agricultural workers, all other",160.97,15.0,31300.0,13.0,26940.0,,1796378,0.08961,45500000,0.16633,120.13187,32.1978
76,2008,North Dakota,2550000,2300000,124,285200000,2269000,4025000000,101.64,23685000,4012000000,275000000,ND,"Agricultural workers, all other",90.0,10.0,20980.0,10.0,20910.0,,657569,0.13687,39600000,0.0573,101.31313,6.94444
77,2008,Ohio,3300000,3120000,135,421200000,2178000,3409000000,245.25,10147000,3398000000,530000000,OH,"Farm, ranch, and other agricultural managers",50.0,27.0,56260.0,26.0,53230.0,,11515391,0.00434,13900000,0.15669,244.46043,38.1295
78,2008,Ohio,3300000,3120000,135,421200000,2178000,3409000000,245.25,10147000,3398000000,530000000,OH,"Agricultural workers, all other",150.0,15.0,31300.0,17.0,34400.0,,11515391,0.01303,13900000,0.15669,244.46043,38.1295
79,2008,Texas,2300000,2030000,125,253750000,1794000,7798000000,59.44,22488000,6044000000,333000000,TX,"Farm, ranch, and other agricultural managers",130.0,25.0,52170.0,23.0,47220.0,,24309039,0.00535,131200000,0.01367,46.06707,2.53811
80,2008,Texas,2300000,2030000,125,253750000,1794000,7798000000,59.44,22488000,6044000000,333000000,TX,"Agricultural workers, all other",140.0,11.0,23380.0,10.0,20850.0,,24309039,0.00576,131200000,0.01367,46.06707,2.53811
81,2008,Wisconsin,3800000,2880000,137,394560000,2850000,4678000000,311.87,8066000,2346000000,341000000,WI,"Farm, ranch, and other agricultural managers",80.0,26.0,54240.0,24.0,50920.0,,5640996,0.01418,15000000,0.19,156.4,22.73333
82,2009,Illinois,12000000,11800000,174,2053200000,10080000,7816000000,290.56,22937000,6660000000,1528000000,IL,"Farm, ranch, and other agricultural managers",110.0,22.0,45950.0,15.0,31080.0,0.019,12796778,0.0086,26900000,0.37472,247.58364,56.80297
83,2009,Illinois,12000000,11800000,174,2053200000,10080000,7816000000,290.56,22937000,6660000000,1528000000,IL,"Agricultural workers, all other",230.0,22.0,46510.0,24.0,49540.0,0.040,12796778,0.01797,26900000,0.37472,247.58364,56.80297
84,2009,Indiana,5600000,5460000,171,933660000,4424000,4963000000,335.56,12155000,3783000000,666000000,IN,"Farm, ranch, and other agricultural managers",50.0,29.0,60240.0,26.0,54600.0,0.020,6459325,0.00774,14790000,0.29912,255.78093,45.03043
85,2009,Indiana,5600000,5460000,171,933660000,4424000,4963000000,335.56,12155000,3783000000,666000000,IN,"Agricultural workers, all other",160.97,13.0,26480.0,11.0,21880.0,0,6459325,0.02492,14790000,0.29912,255.78093,45.03043
86,2009,Iowa,13600000,13300000,182,2420600000,11696000,9764000000,318.05,24648000,8329000000,1619000000,IA,"Farm, ranch, and other agricultural managers",90.0,29.0,60880.0,25.0,52610.0,0.061,3032870,0.02967,30700000,0.38098,271.30293,52.73616
87,2009,Iowa,13600000,13300000,182,2420600000,11696000,9764000000,318.05,24648000,8329000000,1619000000,IA,"Agricultural workers, all other",830.0,11.0,23030.0,11.0,22400.0,0.564,3032870,0.27367,30700000,0.38098,271.30293,52.73616
88,2009,Kansas,4100000,3860000,155,598300000,3731000,6356000000,137.58,22669000,3563000000,363000000,KS,"Farm, ranch, and other agricultural managers",50.0,32.0,66290.0,31.0,64200.0,0.035,2832704,0.01765,46200000,0.08076,77.12121,7.85714
89,2009,Michigan,2350000,2090000,148,309320000,1762000,3523000000,353.36,6436000,1886000000,189000000,MI,"Agricultural workers, all other",140.0,16.0,34050.0,15.0,31000.0,0.036,9901591,0.01414,9970000,0.17673,189.1675,18.95687
90,2009,Minnesota,7600000,7150000,174,1244100000,6688000,7279000000,274.68,19585000,5109000000,752000000,MN,"Agricultural workers, all other",610.0,11.0,23150.0,11.0,22190.0,0.233,5281203,0.1155,26500000,0.25238,192.79245,28.37736
91,2009,Missouri,3000000,2920000,153,446760000,2310000,5110000000,177.43,13536000,2944000000,293000000,MO,"Farm, ranch, and other agricultural managers",160.97,22.0,45020.0,19.0,38630.0,0,5961088,0.027,28800000,0.08021,102.22222,10.17361
92,2009,Missouri,3000000,2920000,153,446760000,2310000,5110000000,177.43,13536000,2944000000,293000000,MO,"Agricultural workers, all other",50.0,12.0,25220.0,12.0,25030.0,0.017,5961088,0.00839,28800000,0.08021,102.22222,10.17361
93,2009,Nebraska,9150000,8850000,178,1575300000,8326000,8075000000,177.47,19010000,4989000000,1035000000,NE,"Farm, ranch, and other agricultural managers",90.0,28.0,59030.0,23.0,47470.0,0.099,1812683,0.04965,45500000,0.18299,109.64835,22.74725
94,2009,North Dakota,1950000,1740000,115,200100000,1813000,4213000000,106.39,21583000,2954000000,168000000,ND,"Agricultural workers, all other",90.0,10.0,21560.0,10.0,21350.0,0.247,664968,0.13534,39600000,0.04578,74.59596,4.24242
95,2009,Ohio,3350000,3140000,174,546360000,2244000,4816000000,347.47,9991000,2832000000,332000000,OH,"Farm, ranch, and other agricultural managers",50.0,28.0,59150.0,29.0,60270.0,0.010,11528896,0.00434,13860000,0.1619,204.329,23.95382
96,2009,Ohio,3350000,3140000,174,546360000,2244000,4816000000,347.47,9991000,2832000000,332000000,OH,"Agricultural workers, all other",40.0,17.0,34860.0,18.0,38360.0,0.009,11528896,0.00347,13860000,0.1619,204.329,23.95382
97,2009,Texas,2350000,1960000,130,254800000,1974000,8514000000,64.55,22419000,4499000000,207000000,TX,"Farm, ranch, and other agricultural managers",150.0,27.0,55980.0,25.0,51070.0,0.014,24801761,0.00605,131900000,0.01497,34.10917,1.56937
98,2009,Texas,2350000,1960000,130,254800000,1974000,8514000000,64.55,22419000,4499000000,207000000,TX,"Agricultural workers, all other",220.0,11.0,22000.0,9.0,18930.0,0.021,24801761,0.00887,131900000,0.01497,34.10917,1.56937
99,2009,Wisconsin,3850000,2930000,153,448290000,2964000,4440000000,297.99,8160000,1802000000,191000000,WI,"Farm, ranch, and other agricultural managers",90.0,29.0,59710.0,28.0,57570.0,0.032,5669264,0.01588,14900000,0.19893,120.9396,12.81879
100,2009,Wisconsin,3850000,2930000,153,448290000,2964000,4440000000,297.99,8160000,1802000000,191000000,WI,"Agricultural workers, all other",150.0,12.0,24250.0,11.0,23010.0,0.057,5669264,0.02646,14900000,0.19893,120.9396,12.81879
101,2010,Illinois,12600000,12400000,157,1946800000,10332000,6664000000,247.73,22687000,7463000000,1670000000,IL,"Farm, ranch, and other agricultural managers",150.0,24.0,50360.0,16.0,33420.0,0.027,12840503,0.01168,26900000,0.38409,277.43494,62.08178
102,2010,Illinois,12600000,12400000,157,1946800000,10332000,6664000000,247.73,22687000,7463000000,1670000000,IL,"Agricultural Workers, All Other",240.0,22.0,45250.0,24.0,48920.0,0.043,12840503,0.01869,26900000,0.38409,277.43494,62.08178
103,2010,Indiana,5900000,5720000,157,898040000,4897000,4425000000,299.19,12140000,4298000000,725000000,IN,"Farm, ranch, and other agricultural managers",60.0,36.0,74130.0,23.0,46840.0,0.022,6490432,0.00924,14790000,0.3311,290.60176,49.01961
104,2010,Iowa,13400000,13050000,165,2153250000,12060000,8894000000,290.65,24595000,9367000000,1720000000,IA,"Farm, ranch, and other agricultural managers",240.0,33.0,67590.0,27.0,55820.0,0.167,3050745,0.07867,30600000,0.39412,306.11111,56.20915
105,2010,Iowa,13400000,13050000,165,2153250000,12060000,8894000000,290.65,24595000,9367000000,1720000000,IA,"Agricultural Workers, All Other",620.0,11.0,22610.0,11.0,22400.0,0.428,3050745,0.20323,30600000,0.39412,306.11111,56.20915
106,2010,Kansas,4850000,4650000,125,581250000,4365000,6256000000,135.41,22629000,4666000000,517000000,KS,"Farm, ranch, and other agricultural managers",40.0,22.94,47621.54,20.97,43580.95,0.030,2858190,0.01399,46200000,0.09448,100.99567,11.19048
107,2010,Michigan,2400000,2100000,150,315000000,1920000,3835000000,384.27,6483000,2355000000,234000000,MI,"Farm, ranch, and other agricultural managers",30.0,34.0,70640.0,34.0,69720.0,0.009,9877510,0.00304,9980000,0.19238,235.97194,23.44689
108,2010,Michigan,2400000,2100000,150,315000000,1920000,3835000000,384.27,6483000,2355000000,234000000,MI,"Agricultural Workers, All Other",170.0,14.0,29360.0,12.0,25520.0,0.045,9877510,0.01721,9980000,0.19238,235.97194,23.44689
109,2010,Minnesota,7700000,7300000,177,1292100000,7084000,7506000000,285.4,19818000,6113000000,885000000,MN,"Farm, ranch, and other agricultural managers",30.0,32.0,65770.0,32.0,67300.0,0.013,5310828,0.00565,26300000,0.26935,232.43346,33.65019
110,2010,Minnesota,7700000,7300000,177,1292100000,7084000,7506000000,285.4,19818000,6113000000,885000000,MN,"Agricultural Workers, All Other",560.0,12.0,24350.0,11.0,23140.0,0.218,5310828,0.10544,26300000,0.26935,232.43346,33.65019
111,2010,Missouri,3150000,3000000,123,369000000,2488000,4299000000,149.79,13110000,3484000000,319000000,MO,"Farm, ranch, and other agricultural managers",80.0,30.0,62770.0,28.0,58640.0,0.030,5995974,0.01334,28700000,0.08669,121.39373,11.11498
112,2010,Missouri,3150000,3000000,123,369000000,2488000,4299000000,149.79,13110000,3484000000,319000000,MO,"Agricultural Workers, All Other",80.0,10.0,20060.0,9.0,19660.0,0.030,5995974,0.01334,28700000,0.08669,121.39373,11.11498
113,2010,Nebraska,9150000,8850000,166,1469100000,8326000,7750000000,170.7,19211000,5335000000,1131000000,NE,"Farm, ranch, and other agricultural managers",70.0,27.0,56420.0,21.0,44050.0,0.079,1829542,0.03826,45400000,0.18339,117.51101,24.91189
114,2010,North Dakota,2050000,1880000,132,248160000,1906000,3806000000,96.35,21386000,3690000000,145000000,ND,"Agricultural Workers, All Other",120.0,11.0,22020.0,10.0,20390.0,0.342,674715,0.17785,39500000,0.04825,93.41772,3.67089
115,2010,Ohio,3450000,3270000,163,533010000,2449000,4061000000,293.42,9950000,3406000000,395000000,OH,"Farm, ranch, and other agricultural managers",60.0,29.0,60730.0,30.0,61960.0,0.012,11539336,0.0052,13840000,0.17695,246.09827,28.54046
116,2010,Ohio,3450000,3270000,163,533010000,2449000,4061000000,293.42,9950000,3406000000,395000000,OH,"Agricultural Workers, All Other",40.0,20.0,41170.0,20.0,41130.0,0.007,11539336,0.00347,13840000,0.17695,246.09827,28.54046
117,2010,Texas,2300000,2080000,145,301600000,1955000,12004000000,91.22,21972000,6324000000,255000000,TX,"Farm, ranch, and other agricultural managers",260.0,22.0,46010.0,17.0,34890.0,0.026,25241971,0.0103,131600000,0.01486,48.05471,1.93769
118,2010,Texas,2300000,2080000,145,301600000,1955000,12004000000,91.22,21972000,6324000000,255000000,TX,"Agricultural Workers, All Other",270.0,12.0,25850.0,11.0,23150.0,0.027,25241971,0.0107,131600000,0.01486,48.05471,1.93769
119,2010,Wisconsin,3900000,3100000,162,502200000,3120000,5126000000,348.71,7864000,2411000000,278000000,WI,"Farm, ranch, and other agricultural managers",70.0,31.0,64470.0,32.0,66660.0,0.026,5690475,0.0123,14700000,0.21224,164.01361,18.91156
120,2010,Wisconsin,3900000,3100000,162,502200000,3120000,5126000000,348.71,7864000,2411000000,278000000,WI,"Agricultural Workers, All Other",180.0,13.0,26240.0,12.0,24030.0,0.069,5690475,0.03163,14700000,0.21224,164.01361,18.91156
121,2011,Illinois,12600000,12400000,157,1946800000,10836000,8075000000,299.07,22949000,8594000000,2290000000,IL,"Farm, ranch, and other agricultural managers",160.0,30.0,61530.0,25.0,52230.0,0.028,12867454,0.01243,27000000,0.40133,318.2963,84.81481
122,2011,Illinois,12600000,12400000,157,1946800000,10836000,8075000000,299.07,22949000,8594000000,2290000000,IL,"Agricultural Workers, All Other",200.0,21.0,43490.0,24.0,50270.0,0.035,12867454,0.01554,27000000,0.40133,318.2963,84.81481
123,2011,Iowa,14100000,13700000,172,2356400000,12690000,11081000000,362.12,24732000,10742000000,2489000000,IA,"Farm, ranch, and other agricultural managers",150.0,40.0,82420.0,36.0,75880.0,0.105,3066336,0.04892,30600000,0.41471,351.04575,81.33987
124,2011,Iowa,14100000,13700000,172,2356400000,12690000,11081000000,362.12,24732000,10742000000,2489000000,IA,"Agricultural Workers, All Other",350.0,12.0,25790.0,12.0,23930.0,0.239,3066336,0.11414,30600000,0.41471,351.04575,81.33987
125,2011,Kansas,4900000,4200000,107,449400000,4508000,6376000000,138.31,22990000,4649000000,481000000,KS,"Farm, ranch, and other agricultural managers",30.0,46.0,95190.0,37.0,76820.0,0.026,2869225,0.01046,46100000,0.09779,100.84599,10.43384
126,2011,Michigan,2500000,2190000,153,335070000,2175000,4309000000,430.9,6568000,3001000000,371000000,MI,"Farm, ranch, and other agricultural managers",40.0,35.0,72320.0,37.0,76090.0,0.010,9882412,0.00405,10000000,0.2175,300.1,37.1
127,2011,Michigan,2500000,2190000,153,335070000,2175000,4309000000,430.9,6568000,3001000000,371000000,MI,"Agricultural Workers, All Other",80.0,22.94,47621.54,20.97,43580.95,0.021,9882412,0.0081,10000000,0.2175,300.1,37.1
128,2011,Minnesota,8100000,7700000,156,1201200000,7533000,7208000000,276.17,19592000,7044000000,1221000000,MN,"Farm, ranch, and other agricultural managers",30.0,37.0,77990.0,36.0,75800.0,0.012,5346143,0.00561,26100000,0.28862,269.88506,46.78161
129,2011,Minnesota,8100000,7700000,156,1201200000,7533000,7208000000,276.17,19592000,7044000000,1221000000,MN,"Agricultural Workers, All Other",440.0,12.0,24730.0,11.0,23400.0,0.171,5346143,0.0823,26100000,0.28862,269.88506,46.78161
130,2011,Missouri,3300000,3070000,114,349980000,2805000,4169000000,146.28,13771000,4046000000,433000000,MO,"Farm, ranch, and other agricultural managers",60.0,34.0,69710.0,34.0,70850.0,0.023,6010275,0.00998,28500000,0.09842,141.96491,15.19298
131,2011,Missouri,3300000,3070000,114,349980000,2805000,4169000000,146.28,13771000,4046000000,433000000,MO,"Agricultural Workers, All Other",140.0,11.0,23120.0,10.0,21590.0,0.054,6010275,0.02329,28500000,0.09842,141.96491,15.19298
132,2011,Nebraska,9850000,9600000,160,1536000000,9160000,9840000000,216.74,19291000,7241000000,1780000000,NE,"Farm, ranch, and other agricultural managers",70.0,28.0,57350.0,24.0,50940.0,0.080,1840672,0.03803,45400000,0.20176,159.49339,39.20705
133,2011,North Dakota,2230000,2060000,105,216300000,2163000,3148000000,79.7,18245000,4315000000,244000000,ND,"Agricultural Workers, All Other",160.97,12.0,24230.0,11.0,22260.0,0,685225,0.23492,39500000,0.05476,109.24051,6.17722
134,2011,Ohio,3400000,3220000,158,508760000,2516000,4578000000,331.74,9994000,3601000000,532000000,OH,"Farm, ranch, and other agricultural managers",50.0,33.0,67670.0,32.0,67480.0,0.009,11544663,0.00433,13800000,0.18232,260.94203,38.55072
135,2011,Texas,2050000,1470000,93,136710000,1804000,8716000000,66.28,21267000,6780000000,177000000,TX,"Farm, ranch, and other agricultural managers",280.0,25.0,51430.0,20.0,41650.0,0.027,25645629,0.01092,131500000,0.01372,51.55894,1.34601
136,2011,Texas,2050000,1470000,93,136710000,1804000,8716000000,66.28,21267000,6780000000,177000000,TX,"Agricultural Workers, All Other",470.0,10.0,21430.0,9.0,18130.0,0.046,25645629,0.01833,131500000,0.01372,51.55894,1.34601
137,2011,Wisconsin,4150000,3320000,156,517920000,3569000,5355000000,366.78,8026000,2928000000,457000000,WI,"Farm, ranch, and other agricultural managers",50.0,37.0,76350.0,33.0,68110.0,0.019,5705288,0.00876,14600000,0.24445,200.54795,31.30137
138,2011,Wisconsin,4150000,3320000,156,517920000,3569000,5355000000,366.78,8026000,2928000000,457000000,WI,"Agricultural Workers, All Other",170.0,13.0,27050.0,12.0,25190.0,0.063,5705288,0.0298,14600000,0.24445,200.54795,31.30137
139,2012,Illinois,12800000,12250000,105,1286250000,10880000,5911000000,219.74,23108000,8738000000,1459000000,IL,"Farm, ranch, and other agricultural managers",180.0,33.0,69460.0,31.0,63810.0,0.032,12882510,0.01397,26900000,0.40446,324.83271,54.23792
140,2012,Illinois,12800000,12250000,105,1286250000,10880000,5911000000,219.74,23108000,8738000000,1459000000,IL,"Agricultural Workers, All Other",230.0,19.0,39420.0,19.0,40500.0,0.041,12882510,0.01785,26900000,0.40446,324.83271,54.23792
141,2012,Indiana,6250000,6030000,99,596970000,5250000,4087000000,278.03,12305000,5061000000,630000000,IN,"Farm, ranch, and other agricultural managers",160.97,40.0,84130.0,32.0,67260.0,0,6537703,0.02462,14700000,0.35714,344.28571,42.85714
142,2012,Iowa,14200000,13700000,137,1876900000,12922000,10520000000,343.79,24818000,11553000000,1728000000,IA,"Farm, ranch, and other agricultural managers",210.0,38.0,79830.0,35.0,72790.0,0.143,3076190,0.06827,30600000,0.42229,377.54902,56.47059
143,2012,Iowa,14200000,13700000,137,1876900000,12922000,10520000000,343.79,24818000,11553000000,1728000000,IA,"Agricultural Workers, All Other",230.0,13.0,26970.0,12.0,24250.0,0.155,3076190,0.07477,30600000,0.42229,377.54902,56.47059
144,2012,Michigan,2650000,2390000,133,317870000,2279000,3286000000,330.25,6692000,2989000000,244000000,MI,"Farm, ranch, and other agricultural managers",80.0,33.0,69430.0,32.0,65670.0,0.020,9897145,0.00808,9950000,0.22905,300.40201,24.52261
145,2012,Michigan,2650000,2390000,133,317870000,2279000,3286000000,330.25,6692000,2989000000,244000000,MI,"Agricultural Workers, All Other",90.0,15.0,31360.0,11.0,23190.0,0.024,9897145,0.00909,9950000,0.22905,300.40201,24.52261
146,2012,Minnesota,8750000,8330000,165,1374450000,7700000,8746000000,336.38,20009000,7801000000,933000000,MN,"Farm, ranch, and other agricultural managers",30.0,38.0,78520.0,38.0,78840.0,0.013,5376643,0.00558,26000000,0.29615,300.03846,35.88462
147,2012,Minnesota,8750000,8330000,165,1374450000,7700000,8746000000,336.38,20009000,7801000000,933000000,MN,"Agricultural Workers, All Other",310.0,13.0,27810.0,12.0,25410.0,0.116,5376643,0.05766,26000000,0.29615,300.03846,35.88462
148,2012,Missouri,3600000,3300000,75,247500000,3096000,3341000000,118.06,14044000,3879000000,252000000,MO,"Farm, ranch, and other agricultural managers",80.0,31.0,65490.0,29.0,60410.0,0.031,6024367,0.01328,28300000,0.1094,137.06714,8.90459
149,2012,Missouri,3600000,3300000,75,247500000,3096000,3341000000,118.06,14044000,3879000000,252000000,MO,"Agricultural Workers, All Other",160.97,11.0,22730.0,10.0,21570.0,0,6024367,0.02672,28300000,0.1094,137.06714,8.90459
150,2012,Nebraska,10000000,9100000,142,1292200000,9100000,7575000000,167.22,19517000,6787000000,1093000000,NE,"Farm, ranch, and other agricultural managers",110.0,24.0,50050.0,17.0,34570.0,0.120,1853303,0.05935,45300000,0.20088,149.8234,24.12804
151,2012,North Dakota,3600000,3460000,122,422120000,3456000,4959000000,126.18,23010000,4422000000,211000000,ND,"Agricultural Workers, All Other",70.0,12.0,25550.0,11.0,23220.0,0.169,701176,0.09983,39300000,0.08794,112.51908,5.36896
152,2012,Ohio,3900000,3650000,123,448950000,2964000,3762000000,268.71,10104000,4358000000,389000000,OH,"Farm, ranch, and other agricultural managers",60.0,31.0,64540.0,29.0,61190.0,0.012,11548923,0.0052,14000000,0.21171,311.28571,27.78571
153,2012,Texas,1850000,1550000,130,201500000,1572000,8217000000,63.11,22500000,5974000000,191000000,TX,"Farm, ranch, and other agricultural managers",270.0,30.0,62400.0,21.0,43400.0,0.026,26084481,0.01035,130200000,0.01207,45.88326,1.46697
154,2012,Texas,1850000,1550000,130,201500000,1572000,8217000000,63.11,22500000,5974000000,191000000,TX,"Agricultural Workers, All Other",530.0,10.0,21400.0,9.0,18490.0,0.050,26084481,0.02032,130200000,0.01207,45.88326,1.46697
155,2012,Wisconsin,4350000,3300000,121,399300000,3741000,4945000000,338.7,8150000,3167000000,295000000,WI,"Farm, ranch, and other agricultural managers",50.0,40.0,83000.0,36.0,75740.0,0.017,5719960,0.00874,14600000,0.25623,216.91781,20.20548
156,2012,Wisconsin,4350000,3300000,121,399300000,3741000,4945000000,338.7,8150000,3167000000,295000000,WI,"Agricultural Workers, All Other",50.0,14.0,28840.0,13.0,26910.0,0.020,5719960,0.00874,14600000,0.25623,216.91781,20.20548
157,2013,Illinois,12000000,11800000,178,2100400000,10680000,10610000000,392.96,23110000,7317000000,806000000,IL,"Farm, ranch, and other agricultural managers",230.0,31.0,64810.0,31.0,64810.0,0.040,12895129,0.01784,27000000,0.39556,271.0,29.85185
158,2013,Illinois,12000000,11800000,178,2100400000,10680000,10610000000,392.96,23110000,7317000000,806000000,IL,"Agricultural Workers, All Other",420.0,18.0,38220.0,17.0,35190.0,0.074,12895129,0.03257,27000000,0.39556,271.0,29.85185
159,2013,Indiana,6000000,5850000,177,1035450000,5100000,7088000000,478.92,12320000,4552000000,399000000,IN,"Farm, ranch, and other agricultural managers",80.0,32.0,65610.0,33.0,67830.0,0.027,6568713,0.01218,14800000,0.34459,307.56757,26.95946
160,2013,Iowa,13600000,13100000,165,2161500000,12376000,12566000000,410.65,24320000,10345000000,1090000000,IA,"Farm, ranch, and other agricultural managers",260.0,32.0,66410.0,28.0,58540.0,0.175,3092997,0.08406,30600000,0.40444,338.0719,35.62092
161,2013,Iowa,13600000,13100000,165,2161500000,12376000,12566000000,410.65,24320000,10345000000,1090000000,IA,"Agricultural Workers, All Other",290.0,13.0,27500.0,11.0,22990.0,0.196,3092997,0.09376,30600000,0.40444,338.0719,35.62092
162,2013,Michigan,2600000,2250000,155,348750000,2340000,3829000000,386.77,6524000,3145000000,163000000,MI,"Farm, ranch, and other agricultural managers",50.0,35.0,73480.0,34.0,71190.0,0.012,9913065,0.00504,9900000,0.23636,317.67677,16.46465
163,2013,Michigan,2600000,2250000,155,348750000,2340000,3829000000,386.77,6524000,3145000000,163000000,MI,"Agricultural Workers, All Other",60.0,21.0,43210.0,22.0,46120.0,0.015,9913065,0.00605,9900000,0.23636,317.67677,16.46465
164,2013,Minnesota,8600000,8150000,160,1304000000,7826000,8508000000,329.77,19452000,7908000000,800000000,MN,"Agricultural Workers, All Other",210.0,13.0,26000.0,11.0,22550.0,0.077,5413479,0.03879,25800000,0.30333,306.51163,31.00775
165,2013,Missouri,3350000,3200000,136,435200000,3082000,4651000000,164.35,14634000,3924000000,167000000,MO,"Farm, ranch, and other agricultural managers",160.97,28.0,57890.0,23.0,48080.0,0,6040715,0.02665,28300000,0.1089,138.65724,5.90106
166,2013,Missouri,3350000,3200000,136,435200000,3082000,4651000000,164.35,14634000,3924000000,167000000,MO,"Agricultural Workers, All Other",160.97,12.0,24870.0,11.0,22290.0,0,6040715,0.02665,28300000,0.1089,138.65724,5.90106
167,2013,Nebraska,9950000,9550000,170,1623500000,9253000,9876000000,218.01,19518000,6373000000,769000000,NE,"Farm, ranch, and other agricultural managers",100.0,30.0,62120.0,26.0,54800.0,0.113,1865279,0.05361,45300000,0.20426,140.68433,16.97572
168,2013,North Dakota,3850000,3600000,110,396000000,3619000,3470000000,88.3,20378000,4523000000,188000000,ND,"Farm, ranch, and other agricultural managers",160.97,35.0,71900.0,34.0,69730.0,0,722036,0.22294,39300000,0.09209,115.08906,4.78372
169,2013,North Dakota,3850000,3600000,110,396000000,3619000,3470000000,88.3,20378000,4523000000,188000000,ND,"Agricultural Workers, All Other",160.97,11.0,22780.0,10.0,21500.0,0,722036,0.22294,39300000,0.09209,115.08906,4.78372
170,2013,Ohio,3900000,3740000,177,661980000,3315000,4890000000,349.29,10139000,4426000000,291000000,OH,"Farm, ranch, and other agricultural managers",70.0,30.0,61620.0,28.0,57850.0,0.013,11576684,0.00605,14000000,0.23679,316.14286,20.78571
171,2013,Texas,2350000,2000000,138,276000000,2091000,10581000000,81.71,24119000,6101000000,124000000,TX,"Farm, ranch, and other agricultural managers",240.0,34.0,70460.0,30.0,61850.0,0.022,26480266,0.00906,129500000,0.01615,47.11197,0.95753
172,2013,Texas,2350000,2000000,138,276000000,2091000,10581000000,81.71,24119000,6101000000,124000000,TX,"Agricultural Workers, All Other",450.0,9.0,18450.0,9.0,18060.0,0.041,26480266,0.01699,129500000,0.01615,47.11197,0.95753
173,2013,Wisconsin,4100000,3050000,146,445300000,3444000,5276000000,361.37,7951000,3108000000,193000000,WI,"Farm, ranch, and other agricultural managers",40.0,40.0,83380.0,37.0,77570.0,0.015,5736754,0.00697,14600000,0.23589,212.87671,13.21918
174,2013,Wisconsin,4100000,3050000,146,445300000,3444000,5276000000,361.37,7951000,3108000000,193000000,WI,"Agricultural Workers, All Other",60.0,13.0,26980.0,13.0,27170.0,0.023,5736754,0.01046,14600000,0.23589,212.87671,13.21918
175,2014,Illinois,11900000,11750000,200,2350000000,10829000,8332000000,307.45,23025000,9836000000,1820000000,IL,"Farm, ranch, and other agricultural managers",200.0,33.0,69550.0,33.0,69580.0,0.035,12884493,0.01552,27100000,0.39959,362.95203,67.15867
176,2014,Illinois,11900000,11750000,200,2350000000,10829000,8332000000,307.45,23025000,9836000000,1820000000,IL,"Agricultural Workers, All Other",440.0,17.0,34890.0,14.0,28330.0,0.076,12884493,0.03415,27100000,0.39959,362.95203,67.15867
177,2014,Indiana,5900000,5770000,188,1084760000,5192000,5768000000,389.73,12360000,5810000000,895000000,IN,"Farm, ranch, and other agricultural managers",120.0,31.0,63840.0,30.0,63100.0,0.041,6593644,0.0182,14800000,0.35081,392.56757,60.47297
178,2014,Iowa,13700000,13300000,178,2367400000,13015000,12102000000,395.49,24876000,11196000000,1587000000,IA,"Farm, ranch, and other agricultural managers",230.0,35.0,73750.0,29.0,60460.0,0.149,3109350,0.07397,30600000,0.42533,365.88235,51.86275
179,2014,Iowa,13700000,13300000,178,2367400000,13015000,12102000000,395.49,24876000,11196000000,1587000000,IA,"Agricultural Workers, All Other",440.0,12.0,25950.0,11.0,23430.0,0.291,3109350,0.14151,30600000,0.42533,365.88235,51.86275
180,2014,Michigan,2550000,2210000,161,355810000,2371000,3678000000,371.52,6618000,3102000000,251000000,MI,"Farm, ranch, and other agricultural managers",50.0,30.0,61560.0,31.0,64740.0,0.013,9929848,0.00504,9900000,0.23949,313.33333,25.35354
181,2014,Michigan,2550000,2210000,161,355810000,2371000,3678000000,371.52,6618000,3102000000,251000000,MI,"Agricultural Workers, All Other",100.0,16.0,33360.0,14.0,29460.0,0.025,9929848,0.01007,9900000,0.23949,313.33333,25.35354
182,2014,Minnesota,8200000,7550000,156,1177800000,7626000,7896000000,307.24,19741000,7385000000,904000000,MN,"Farm, ranch, and other agricultural managers",40.0,38.0,78090.0,39.0,80500.0,0.013,5451079,0.00734,25700000,0.29673,287.35409,35.1751
183,2014,Minnesota,8200000,7550000,156,1177800000,7626000,7896000000,307.24,19741000,7385000000,904000000,MN,"Agricultural Workers, All Other",270.0,15.0,31460.0,15.0,31650.0,0.097,5451079,0.04953,25700000,0.29673,287.35409,35.1751
184,2014,Missouri,3500000,3380000,186,628680000,3255000,5449000000,194.61,14094000,4342000000,394000000,MO,"Farm, ranch, and other agricultural managers",130.0,29.0,60530.0,23.0,46830.0,0.048,6056202,0.02147,28000000,0.11625,155.07143,14.07143
185,2014,Missouri,3500000,3380000,186,628680000,3255000,5449000000,194.61,14094000,4342000000,394000000,MO,"Agricultural Workers, All Other",160.97,13.0,27610.0,12.0,24990.0,0,6056202,0.02658,28000000,0.11625,155.07143,14.07143
186,2014,Nebraska,9300000,8950000,179,1602050000,8928000,9408000000,208.6,19544000,7235000000,1183000000,NE,"Farm, ranch, and other agricultural managers",100.0,22.94,47621.54,20.97,43580.95,0.111,1879321,0.05321,45100000,0.19796,160.42129,26.2306
187,2014,North Dakota,2800000,2530000,124,313720000,2688000,3231000000,82.01,23004000,4898000000,252000000,ND,"Agricultural Workers, All Other",90.0,15.0,30610.0,13.0,27610.0,0.204,737401,0.12205,39400000,0.06822,124.31472,6.39594
188,2014,Ohio,3700000,3470000,176,610720000,3182000,4652000000,332.29,10044000,4257000000,438000000,OH,"Farm, ranch, and other agricultural managers",60.0,33.0,68880.0,28.0,59180.0,0.012,11602700,0.00517,14000000,0.22729,304.07143,31.28571
189,2014,Texas,2250000,1990000,148,294520000,2047000,11000000000,85.27,23577000,6273000000,254000000,TX,"Farm, ranch, and other agricultural managers",280.0,32.0,67170.0,22.0,46360.0,0.025,26964333,0.01038,129000000,0.01587,48.62791,1.96899
190,2014,Texas,2250000,1990000,148,294520000,2047000,11000000000,85.27,23577000,6273000000,254000000,TX,"Agricultural Workers, All Other",320.0,11.0,21920.0,10.0,20650.0,0.028,26964333,0.01187,129000000,0.01587,48.62791,1.96899
191,2014,Wisconsin,4000000,3110000,156,485160000,3680000,6047000000,417.03,8089000,3094000000,267000000,WI,"Farm, ranch, and other agricultural managers",40.0,36.0,74340.0,35.0,72300.0,0.014,5751525,0.00695,14500000,0.25379,213.37931,18.41379
192,2014,Wisconsin,4000000,3110000,156,485160000,3680000,6047000000,417.03,8089000,3094000000,267000000,WI,"Agricultural Workers, All Other",60.0,15.0,31510.0,14.0,28340.0,0.023,5751525,0.01043,14500000,0.25379,213.37931,18.41379
193,2015,Illinois,11700000,11500000,175,2350000000,10881000,5696000000,210.96,22616000,8033000000,1336000000,IL,"Farm, ranch, and other agricultural managers",260.0,32.0,66400.0,33.0,67930.0,0.044,12858913,0.02022,27000000,0.403,297.51852,49.48148
194,2015,Illinois,11700000,11500000,175,2350000000,10881000,5696000000,210.96,22616000,8033000000,1336000000,IL,"Agricultural Workers, All Other",240.0,15.0,30190.0,14.0,28650.0,0.041,12858913,0.01866,27000000,0.403,297.51852,49.48148
195,2015,Indiana,5650000,5480000,150,1084760000,4972000,4771000000,320.2,12065000,4705000000,640000000,IN,"Farm, ranch, and other agricultural managers",50.0,32.0,65600.0,30.0,61450.0,0.018,6608422,0.00757,14900000,0.33369,315.77181,42.95302
196,2015,Iowa,13500000,13050000,192,2367400000,12555000,11952000000,390.59,24655000,9987000000,1414000000,IA,"Farm, ranch, and other agricultural managers",370.0,37.0,77060.0,34.0,70990.0,0.242,3120960,0.11855,30600000,0.41029,326.37255,46.20915
197,2015,Iowa,13500000,13050000,192,2367400000,12555000,11952000000,390.59,24655000,9987000000,1414000000,IA,"Agricultural Workers, All Other",550.0,13.0,27810.0,12.0,24360.0,0.363,3120960,0.17623,30600000,0.41029,326.37255,46.20915
198,2015,Michigan,2350000,2070000,162,355810000,2162000,4040000000,412.24,6419000,2855000000,210000000,MI,"Farm, ranch, and other agricultural managers",40.0,29.0,59760.0,29.0,61020.0,0.010,9931715,0.00403,9800000,0.22061,291.32653,21.42857
199,2015,Michigan,2350000,2070000,162,355810000,2162000,4040000000,412.24,6419000,2855000000,210000000,MI,"Agricultural Workers, All Other",90.0,16.0,34080.0,15.0,30510.0,0.023,9931715,0.00906,9800000,0.22061,291.32653,21.42857
200,2015,Minnesota,8100000,7600000,188,1177800000,7533000,8147000000,317.0,20015000,6339000000,717000000,MN,"Farm, ranch, and other agricultural managers",60.0,36.0,74710.0,35.0,72540.0,0.020,5482032,0.01094,25700000,0.29311,246.6537,27.89883
201,2015,Minnesota,8100000,7600000,188,1177800000,7533000,8147000000,317.0,20015000,6339000000,717000000,MN,"Agricultural Workers, All Other",160.97,17.0,35890.0,17.0,35700.0,0,5482032,0.02936,25700000,0.29311,246.6537,27.89883
202,2015,Missouri,3250000,3080000,142,628680000,2892000,4096000000,146.81,12081000,3610000000,324000000,MO,"Farm, ranch, and other agricultural managers",160.97,28.0,57580.0,22.0,45990.0,0,6071732,0.02651,27900000,0.10366,129.39068,11.6129
203,2015,Missouri,3250000,3080000,142,628680000,2892000,4096000000,146.81,12081000,3610000000,324000000,MO,"Agricultural Workers, All Other",60.0,13.0,27220.0,12.0,25310.0,0.022,6071732,0.00988,27900000,0.10366,129.39068,11.6129
204,2015,North Dakota,2750000,2560000,128,313720000,2667000,3389000000,86.23,23670000,3816000000,154000000,ND,"Farm, ranch, and other agricultural managers",160.97,36.0,74970.0,35.0,72260.0,0,754066,0.21347,39300000,0.06786,97.09924,3.91858
205,2015,North Dakota,2750000,2560000,128,313720000,2667000,3389000000,86.23,23670000,3816000000,154000000,ND,"Agricultural Workers, All Other",160.97,15.0,31950.0,14.0,28450.0,0,754066,0.21347,39300000,0.06786,97.09924,3.91858
206,2015,Ohio,3550000,3260000,153,610720000,3017000,3872000000,276.57,9913000,3707000000,349000000,OH,"Farm, ranch, and other agricultural managers",70.0,32.0,66860.0,27.0,56480.0,0.013,11617527,0.00603,14000000,0.2155,264.78571,24.92857
207,2015,Ohio,3550000,3260000,153,610720000,3017000,3872000000,276.57,9913000,3707000000,349000000,OH,"Agricultural Workers, All Other",160.97,14.0,28380.0,14.0,29000.0,0,11617527,0.01386,14000000,0.2155,264.78571,24.92857
208,2015,Texas,2300000,1970000,135,294520000,2047000,15607000000,121.46,21705000,5739000000,187000000,TX,"Farm, ranch, and other agricultural managers",340.0,28.0,57720.0,21.0,44220.0,0.029,27470056,0.01238,128500000,0.01593,44.66148,1.45525
209,2015,Texas,2300000,1970000,135,294520000,2047000,15607000000,121.46,21705000,5739000000,187000000,TX,"Agricultural Workers, All Other",220.0,13.0,27110.0,13.0,26520.0,0.019,27470056,0.00801,128500000,0.01593,44.66148,1.45525
210,2015,Wisconsin,4000000,3000000,164,485160000,3680000,6745000000,468.4,8003000,2868000000,236000000,WI,"Farm, ranch, and other agricultural managers",160.97,31.0,64850.0,33.0,67780.0,0,5760940,0.02794,14400000,0.25556,199.16667,16.38889
211,2015,Wisconsin,4000000,3000000,164,485160000,3680000,6745000000,468.4,8003000,2868000000,236000000,WI,"Agricultural Workers, All Other",60.0,15.0,31620.0,14.0,29050.0,0.021,5760940,0.01041,14400000,0.25556,199.16667,16.38889
212,2016,Illinois,11600000,11450000,197,2255650000,10788000,8842000000,327.48,22771000,8300000000,1565000000,IL,"Farm, ranch, and other agricultural managers",230.0,33.0,69190.0,32.0,66870.0,0.039,12820527,0.01794,27000000,0.39956,307.40741,57.96296
213,2016,Illinois,11600000,11450000,197,2255650000,10788000,8842000000,327.48,22771000,8300000000,1565000000,IL,"Agricultural Workers, All Other",200.0,14.0,29400.0,14.0,29260.0,0.033,12820527,0.0156,27000000,0.39956,307.40741,57.96296
214,2016,Iowa,13900000,13500000,203,2740500000,12788000,11715000000,382.84,24455000,11006000000,1790000000,IA,"Farm, ranch, and other agricultural managers",210.0,37.0,77540.0,34.0,70470.0,0.134,3131371,0.06706,30600000,0.41791,359.6732,58.49673
215,2016,Iowa,13900000,13500000,203,2740500000,12788000,11715000000,382.84,24455000,11006000000,1790000000,IA,"Agricultural Workers, All Other",450.0,15.0,30580.0,14.0,29200.0,0.292,3131371,0.14371,30600000,0.41791,359.6732,58.49673
216,2016,Kansas,5100000,4920000,142,698640000,4845000,7109000000,155.22,23595000,4716000000,439000000,KS,"Agricultural Workers, All Other",40.0,15.0,31510.0,11.0,23370.0,0.028,2910844,0.01374,45800000,0.10579,102.96943,9.58515
217,2016,Michigan,2400000,2040000,157,320280000,2184000,4088000000,417.14,6424000,2858000000,220000000,MI,"Farm, ranch, and other agricultural managers",60.0,32.0,66040.0,31.0,65240.0,0.014,9950571,0.00603,9800000,0.22286,291.63265,22.44898
218,2016,Michigan,2400000,2040000,157,320280000,2184000,4088000000,417.14,6424000,2858000000,220000000,MI,"Agricultural Workers, All Other",160.97,14.0,28940.0,13.0,26520.0,0,9950571,0.01618,9800000,0.22286,291.63265,22.44898
219,2016,Minnesota,8450000,8000000,193,1544000000,7858000,7715000000,301.37,19891000,7038000000,914000000,MN,"Farm, ranch, and other agricultural managers",60.0,39.0,80500.0,36.0,74790.0,0.021,5522744,0.01086,25600000,0.30695,274.92188,35.70312
220,2016,Minnesota,8450000,8000000,193,1544000000,7858000,7715000000,301.37,19891000,7038000000,914000000,MN,"Agricultural Workers, All Other",160.97,19.0,38680.0,18.0,37320.0,0,5522744,0.02915,25600000,0.30695,274.92188,35.70312
221,2016,Missouri,3650000,3500000,163,570500000,3394000,4970000000,178.14,13404000,3553000000,345000000,MO,"Farm, ranch, and other agricultural managers",110.0,30.0,63090.0,23.0,48720.0,0.041,6087135,0.01807,27900000,0.12165,127.34767,12.36559
222,2016,Missouri,3650000,3500000,163,570500000,3394000,4970000000,178.14,13404000,3553000000,345000000,MO,"Agricultural Workers, All Other",60.0,15.0,30440.0,14.0,28920.0,0.023,6087135,0.00986,27900000,0.12165,127.34767,12.36559
223,2016,North Dakota,3450000,3270000,158,516660000,3277000,4280000000,108.91,23716000,4614000000,249000000,ND,"Farm, ranch, and other agricultural managers",60.0,22.94,47621.54,20.97,43580.95,0.141,754434,0.07953,39300000,0.08338,117.40458,6.33588
224,2016,North Dakota,3450000,3270000,158,516660000,3277000,4280000000,108.91,23716000,4614000000,249000000,ND,"Agricultural Workers, All Other",60.0,19.0,39320.0,18.0,36800.0,0.136,754434,0.07953,39300000,0.08338,117.40458,6.33588
225,2016,Ohio,3550000,3300000,159,524700000,3053000,3998000000,285.57,9995000,3649000000,371000000,OH,"Farm, ranch, and other agricultural managers",70.0,40.0,83260.0,36.0,74990.0,0.013,11634370,0.00602,14000000,0.21807,260.64286,26.5
226,2016,Texas,2900000,2550000,127,323850000,2610000,13584000000,106.54,21368000,5784000000,248000000,TX,"Farm, ranch, and other agricultural managers",340.0,41.0,85860.0,28.0,59130.0,0.029,27914410,0.01218,127500000,0.02047,45.36471,1.9451
227,2016,Texas,2900000,2550000,127,323850000,2610000,13584000000,106.54,21368000,5784000000,248000000,TX,"Agricultural Workers, All Other",150.0,14.0,28640.0,13.0,27160.0,0.013,27914410,0.00537,127500000,0.02047,45.36471,1.9451
228,2016,Wisconsin,4050000,3220000,178,573160000,3645000,6608000000,458.89,7889000,2878000000,276000000,WI,"Farm, ranch, and other agricultural managers",50.0,31.0,64500.0,32.0,65650.0,0.018,5772628,0.00866,14400000,0.25312,199.86111,19.16667
229,2017,Illinois,11200000,10950000,201,2200950000,10304000,8185000000,303.15,22851000,8067000000,1413000000,IL,"Farm, ranch, and other agricultural managers",230.0,33.0,67920.0,30.0,61960.0,0.038,12778828,0.018,27000000,0.38163,298.77778,52.33333
230,2017,Illinois,11200000,10950000,201,2200950000,10304000,8185000000,303.15,22851000,8067000000,1413000000,IL,"Agricultural Workers, All Other",50.0,14.0,29520.0,14.0,29850.0,0.008,12778828,0.00391,27000000,0.38163,298.77778,52.33333
231,2017,Indiana,5350000,5200000,180,936000000,4654000,5340000000,356.0,12130000,4755000000,664000000,IN,"Farm, ranch, and other agricultural managers",40.0,30.0,62610.0,28.0,57790.0,0.012,6658078,0.00601,15000000,0.31027,317.0,44.26667
232,2017,Indiana,5350000,5200000,180,936000000,4654000,5340000000,356.0,12130000,4755000000,664000000,IN,"Agricultural Workers, All Other",40.0,10.0,21040.0,9.0,19690.0,0.014,6658078,0.00601,15000000,0.31027,317.0,44.26667
233,2017,Iowa,13300000,12900000,202,2605800000,12369000,11868000000,387.84,24491000,10366000000,1587000000,IA,"Farm, ranch, and other agricultural managers",180.0,35.0,71770.0,34.0,70220.0,0.118,3141550,0.0573,30600000,0.40422,338.75817,51.86275
234,2017,Iowa,13300000,12900000,202,2605800000,12369000,11868000000,387.84,24491000,10366000000,1587000000,IA,"Agricultural Workers, All Other",440.0,16.0,32360.0,15.0,30480.0,0.285,3141550,0.14006,30600000,0.40422,338.75817,51.86275
235,2017,Kansas,5500000,5200000,132,686400000,5225000,5588000000,122.01,23633000,4828000000,407000000,KS,"Agricultural Workers, All Other",30.0,16.0,33930.0,12.0,23970.0,0.023,2908718,0.01031,45800000,0.11408,105.41485,8.88646
236,2017,Michigan,2250000,1890000,159,300510000,1957000,4187000000,427.24,6349000,2791000000,193000000,MI,"Farm, ranch, and other agricultural managers",80.0,31.0,64530.0,33.0,67660.0,0.018,9973114,0.00802,9800000,0.19969,284.79592,19.69388
237,2017,Michigan,2250000,1890000,159,300510000,1957000,4187000000,427.24,6349000,2791000000,193000000,MI,"Agricultural Workers, All Other",60.0,15.0,30930.0,13.0,27530.0,0.014,9973114,0.00602,9800000,0.19969,284.79592,19.69388
238,2017,Minnesota,8050000,7630000,194,1480220000,7567000,7925000000,310.78,19691000,6954000000,885000000,MN,"Farm, ranch, and other agricultural managers",50.0,39.0,80210.0,37.0,77190.0,0.017,5566230,0.00898,25500000,0.29675,272.70588,34.70588
239,2017,Minnesota,8050000,7630000,194,1480220000,7567000,7925000000,310.78,19691000,6954000000,885000000,MN,"Agricultural Workers, All Other",40.0,24.0,48920.0,25.0,51540.0,0.015,5566230,0.00719,25500000,0.29675,272.70588,34.70588
240,2017,Missouri,3400000,3250000,170,552500000,3094000,4705000000,169.24,13533000,4072000000,351000000,MO,"Farm, ranch, and other agricultural managers",80.0,29.0,59740.0,25.0,52380.0,0.028,6106670,0.0131,27800000,0.11129,146.47482,12.6259
241,2017,Missouri,3400000,3250000,170,552500000,3094000,4705000000,169.24,13533000,4072000000,351000000,MO,"Agricultural Workers, All Other",120.0,14.0,30040.0,15.0,30370.0,0.042,6106670,0.01965,27800000,0.11129,146.47482,12.6259
242,2017,Nebraska,9550000,9300000,181,1683300000,9168000,7815000000,173.67,19566000,6349000000,1036000000,NE,"Farm, ranch, and other agricultural managers",50.0,24.0,50700.0,24.0,49180.0,0.057,1915947,0.0261,45000000,0.20373,141.08889,23.02222
243,2017,North Dakota,3420000,3230000,139,448970000,3180000,4136000000,105.24,23617000,4399000000,251000000,ND,"Farm, ranch, and other agricultural managers",100.0,22.94,47621.54,20.97,43580.95,0.233,754942,0.13246,39300000,0.08092,111.93384,6.38677
244,2017,Ohio,3400000,3150000,177,557550000,2788000,4730000000,337.86,10010000,3672000000,336000000,OH,"Farm, ranch, and other agricultural managers",80.0,40.0,82660.0,35.0,73030.0,0.016,11659650,0.00686,14000000,0.19914,262.28571,24.0
245,2017,Texas,2450000,2240000,140,313600000,2327000,13851000000,109.06,21580000,6889000000,202000000,TX,"Farm, ranch, and other agricultural managers",400.0,38.0,78340.0,24.0,50720.0,0.034,28295273,0.01414,127000000,0.01832,54.24409,1.59055
246,2017,Texas,2450000,2240000,140,313600000,2327000,13851000000,109.06,21580000,6889000000,202000000,TX,"Agricultural Workers, All Other",160.97,17.0,34640.0,14.0,29110.0,0,28295273,0.00569,127000000,0.01832,54.24409,1.59055
247,2017,Wisconsin,3900000,2930000,174,509820000,3393000,6403000000,447.76,7781000,2955000000,261000000,WI,"Farm, ranch, and other agricultural managers",60.0,35.0,73330.0,35.0,72480.0,0.021,5790186,0.01036,14300000,0.23727,206.64336,18.25175
248,2018,Illinois,11000000,10800000,210,2268000000,10450000,9565000000,354.26,22936000,8488000000,2002000000,IL,"Farm, ranch, and other agricultural managers",240.0,32.0,66820.0,29.0,60090.0,0.040,12723071,0.01886,27000000,0.38704,314.37037,74.14815
249,2018,Indiana,5300000,5120000,189,967680000,4558000,5839000000,389.27,12120000,4649000000,875000000,IN,"Farm, ranch, and other agricultural managers",40.0,31.0,64030.0,28.0,58090.0,0.013,6695497,0.00597,15000000,0.30387,309.93333,58.33333
250,2018,Indiana,5300000,5120000,189,967680000,4558000,5839000000,389.27,12120000,4649000000,875000000,IN,"Agricultural Workers, All Other",70.0,11.0,22050.0,9.0,18830.0,0.022,6695497,0.01045,15000000,0.30387,309.93333,58.33333
251,2018,Iowa,13200000,12750000,196,2499000000,12276000,13404000000,438.04,24241000,10646000000,2127000000,IA,"Farm, ranch, and other agricultural managers",140.0,39.0,82070.0,34.0,70220.0,0.089,3148618,0.04446,30600000,0.40118,347.9085,69.5098
252,2018,Iowa,13200000,12750000,196,2499000000,12276000,13404000000,438.04,24241000,10646000000,2127000000,IA,"Agricultural Workers, All Other",430.0,15.0,30430.0,14.0,29120.0,0.280,3148618,0.13657,30600000,0.40118,347.9085,69.5098
253,2018,Michigan,2250000,1890000,153,289170000,1912000,4410000000,450.0,6390000,2826000000,257000000,MI,"Farm, ranch, and other agricultural managers",80.0,32.0,67030.0,34.0,70110.0,0.018,9984072,0.00801,9800000,0.1951,288.36735,26.22449
254,2018,Michigan,2250000,1890000,153,289170000,1912000,4410000000,450.0,6390000,2826000000,257000000,MI,"Agricultural Workers, All Other",60.0,15.0,31160.0,14.0,28220.0,0.013,9984072,0.00601,9800000,0.1951,288.36735,26.22449
255,2018,Minnesota,7900000,7460000,182,1357720000,7347000,8086000000,317.1,19484000,6942000000,1166000000,MN,"Farm, ranch, and other agricultural managers",50.0,46.0,95000.0,46.0,95930.0,0.017,5606249,0.00892,25500000,0.28812,272.23529,45.72549
256,2018,Minnesota,7900000,7460000,182,1357720000,7347000,8086000000,317.1,19484000,6942000000,1166000000,MN,"Agricultural Workers, All Other",160.97,19.0,39090.0,17.0,34610.0,0,5606249,0.02871,25500000,0.28812,272.23529,45.72549
257,2018,Missouri,3500000,3330000,140,466200000,3220000,4497000000,162.35,13782000,3938000000,461000000,MO,"Farm, ranch, and other agricultural managers",70.0,30.0,62850.0,27.0,56870.0,0.024,6121623,0.01143,27700000,0.11625,142.16606,16.6426
258,2018,Missouri,3500000,3330000,140,466200000,3220000,4497000000,162.35,13782000,3938000000,461000000,MO,"Agricultural Workers, All Other",160.97,16.0,32290.0,15.0,32220.0,0,6121623,0.0263,27700000,0.11625,142.16606,16.6426
259,2018,Nebraska,9600000,9300000,192,1785600000,9216000,8735000000,194.11,19742000,6802000000,1476000000,NE,"Farm, ranch, and other agricultural managers",120.0,32.0,67190.0,27.0,55790.0,0.126,1925614,0.06232,45000000,0.2048,151.15556,32.8
260,2018,North Dakota,3150000,2930000,153,448290000,2898000,4728000000,120.31,24163000,4245000000,337000000,ND,"Farm, ranch, and other agricultural managers",110.0,22.94,47621.54,20.97,43580.95,0.274,758080,0.1451,39300000,0.07374,108.01527,8.57506
261,2018,Ohio,3500000,3300000,187,617100000,3010000,5674000000,408.2,10065000,3682000000,507000000,OH,"Farm, ranch, and other agricultural managers",100.0,38.0,78330.0,35.0,72070.0,0.019,11676341,0.00856,13900000,0.21655,264.89209,36.47482
262,2018,Texas,2200000,1750000,108,189000000,2046000,14341000000,112.92,21833000,6883000000,249000000,TX,"Farm, ranch, and other agricultural managers",400.0,39.0,81330.0,30.0,63160.0,0.033,28628666,0.01397,127000000,0.01611,54.19685,1.96063
263,2018,Texas,2200000,1750000,108,189000000,2046000,14341000000,112.92,21833000,6883000000,249000000,TX,"Agricultural Workers, All Other",160.97,11.0,23810.0,10.0,19840.0,0,28628666,0.00562,127000000,0.01611,54.19685,1.96063
264,2018,Wisconsin,3900000,3170000,172,545240000,3432000,6682000000,467.27,8014000,2979000000,358000000,WI,"Farm, ranch, and other agricultural managers",60.0,35.0,72550.0,29.0,60520.0,0.020,5807406,0.01033,14300000,0.24,208.32168,25.03497
265,2019,Illinois,10500000,10200000,181,1846200000,9765000,7431000000,275.22,21590000,7838000000,1177000000,IL,"Farm, ranch, and other agricultural managers",260.0,35.0,72040.0,30.0,61580.0,0.044,12671821,0.02052,27000000,0.36167,290.2963,43.59259
266,2019,Indiana,5000000,4820000,169,814580000,4350000,4909000000,329.46,11250000,4471000000,533000000,IN,"Farm, ranch, and other agricultural managers",100.0,34.0,69720.0,33.0,68010.0,0.033,6732219,0.01485,14900000,0.29195,300.06711,35.77181
267,2019,Indiana,5000000,4820000,169,814580000,4350000,4909000000,329.46,11250000,4471000000,533000000,IN,"Agricultural Workers, All Other",70.0,11.0,23290.0,10.0,19830.0,0.021,6732219,0.0104,14900000,0.29195,300.06711,35.77181
268,2019,Iowa,13500000,13050000,198,2583900000,12420000,13370000000,436.93,23935000,10008000000,1335000000,IA,"Farm, ranch, and other agricultural managers",160.0,43.0,90340.0,38.0,79890.0,0.103,3155070,0.05071,30600000,0.40588,327.05882,43.62745
269,2019,Iowa,13500000,13050000,198,2583900000,12420000,13370000000,436.93,23935000,10008000000,1335000000,IA,"Agricultural Workers, All Other",310.0,14.0,28920.0,13.0,27900.0,0.202,3155070,0.09825,30600000,0.40588,327.05882,43.62745
270,2019,Michigan,2000000,1610000,149,239890000,1780000,4343000000,443.16,5541000,2700000000,149000000,MI,"Farm, ranch, and other agricultural managers",90.0,32.0,65890.0,34.0,71530.0,0.021,9986857,0.00901,9800000,0.18163,275.5102,15.20408
271,2019,Michigan,2000000,1610000,149,239890000,1780000,4343000000,443.16,5541000,2700000000,149000000,MI,"Agricultural Workers, All Other",60.0,14.0,28820.0,13.0,27610.0,0.014,9986857,0.00601,9800000,0.18163,275.5102,15.20408
272,2019,Minnesota,7800000,7260000,174,1263240000,7020000,7913000000,310.31,18349000,6366000000,675000000,MN,"Farm, ranch, and other agricultural managers",40.0,50.0,103700.0,47.0,96940.0,0.015,5639632,0.00709,25500000,0.27529,249.64706,26.47059
273,2019,Minnesota,7800000,7260000,174,1263240000,7020000,7913000000,310.31,18349000,6366000000,675000000,MN,"Agricultural Workers, All Other",160.97,18.0,38120.0,16.0,33300.0,0,5639632,0.02854,25500000,0.27529,249.64706,26.47059
274,2019,Missouri,3200000,2990000,155,463450000,2912000,4664000000,168.99,12827000,3758000000,263000000,MO,"Farm, ranch, and other agricultural managers",100.0,34.0,70130.0,31.0,64570.0,0.034,6137428,0.01629,27600000,0.10551,136.15942,9.52899
275,2019,Missouri,3200000,2990000,155,463450000,2912000,4664000000,168.99,12827000,3758000000,263000000,MO,"Agricultural Workers, All Other",160.97,15.0,31040.0,15.0,30760.0,0,6137428,0.02623,27600000,0.10551,136.15942,9.52899
276,2019,Nebraska,10100000,9810000,182,1785420000,9696000,9526000000,212.16,19176000,6293000000,958000000,NE,"Farm, ranch, and other agricultural managers",190.0,31.0,65180.0,29.0,61130.0,0.191,1934408,0.09822,44900000,0.21595,140.1559,21.3363
277,2019,North Dakota,3500000,3230000,141,455430000,3360000,4069000000,103.54,23221000,4088000000,209000000,ND,"Farm, ranch, and other agricultural managers",60.0,22.94,47621.54,20.97,43580.95,0.133,762062,0.07873,39300000,0.0855,104.02036,5.31807
278,2019,Ohio,2800000,2570000,164,421480000,2492000,4458000000,327.79,8595000,3509000000,300000000,OH,"Farm, ranch, and other agricultural managers",100.0,35.0,71850.0,32.0,66170.0,0.018,11689100,0.00855,13600000,0.18324,258.01471,22.05882
279,2019,Texas,2500000,2150000,133,285950000,2375000,13521000000,106.89,21419000,6300000000,166000000,TX,"Farm, ranch, and other agricultural managers",470.0,35.0,71830.0,32.0,66110.0,0.038,28995881,0.01621,126500000,0.01877,49.80237,1.31225
280,2019,Texas,2500000,2150000,133,285950000,2375000,13521000000,106.89,21419000,6300000000,166000000,TX,"Agricultural Workers, All Other",980.0,13.0,26050.0,12.0,24870.0,0.079,28995881,0.0338,126500000,0.01877,49.80237,1.31225
281,2019,Wisconsin,3800000,2680000,168,450240000,3382000,7182000000,502.24,7624000,2841000000,214000000,WI,"Farm, ranch, and other agricultural managers",80.0,36.0,73920.0,31.0,65060.0,0.027,5822434,0.01374,14300000,0.2365,198.67133,14.96503
